CustomerID,Age,TenureMonths,MonthlyLogins,SupportTickets,CustomerReview,Churn
CUST_0001,56,1,11,4,Customer support is useless. Worst service ever experienced.,1
CUST_0002,46,19,15,2,Highly recommended. It saves me so much time every single day.,0
CUST_0003,32,11,24,1,Amazing app! Extremely smooth user interface and very helpful customer service.,0
CUST_0004,60,5,6,0,"Love the new updates, works perfectly fine on my device.",0
CUST_0005,25,12,23,2,Amazing app! Extremely smooth user interface and very helpful customer service.,0
CUST_0006,38,3,3,2,Terrible experience. The app crashes constantly during checkout.,1
CUST_0007,56,1,17,1,Great experience so far. The features are intuitive and easy to use.,0
CUST_0008,36,1,5,4,Very frustrated with the frequent bugs and slow loading times.,1
CUST_0009,40,8,28,3,Customer support is useless. Worst service ever experienced.,1
CUST_0010,28,10,12,3,Terrible experience. The app crashes constantly during checkout.,1
CUST_0011,28,11,18,2,Amazing app! Extremely smooth user interface and very helpful customer service.,0
CUST_0012,41,12,14,1,"Love the new updates, works perfectly fine on my device.",0
CUST_0013,53,13,21,3,Terrible experience. The app crashes constantly during checkout.,1
CUST_0014,57,12,24,2,Great experience so far. The features are intuitive and easy to use.,0
CUST_0015,41,14,11,4,The recent update ruined everything. Planning to cancel my subscription.,1
CUST_0016,20,2,9,3,The recent update ruined everything. Planning to cancel my subscription.,1
CUST_0017,39,19,2,2,The recent update ruined everything. Planning to cancel my subscription.,1
CUST_0018,19,18,12,2,Amazing app! Extremely smooth user interface and very helpful customer service.,0
CUST_0019,41,3,3,0,Customer support is useless. Worst service ever experienced.,1
CUST_0020,61,23,3,4,Customer support is useless. Worst service ever experienced.,1
CUST_0021,47,17,1,0,Customer support is useless. Worst service ever experienced.,1
CUST_0022,55,8,8,1,"Love the new updates, works perfectly fine on my device.",0
CUST_0023,19,10,22,0,Highly recommended. It saves me so much time every single day.,0
CUST_0024,38,2,28,0,"Love the new updates, works perfectly fine on my device.",0
CUST_0025,50,19,29,3,Very frustrated with the frequent bugs and slow loading times.,1
CUST_0026,29,9,8,2,Highly recommended. It saves me so much time every single day.,0
CUST_0027,39,7,11,4,The recent update ruined everything. Planning to cancel my subscription.,1
CUST_0028,61,4,9,0,Highly recommended. It saves me so much time every single day.,0
CUST_0029,42,21,5,4,Terrible experience. The app crashes constantly during checkout.,1
CUST_0030,44,18,14,0,Highly recommended. It saves me so much time every single day.,0
CUST_0031,59,13,28,1,Great experience so far. The features are intuitive and easy to use.,0
CUST_0032,45,11,3,0,Very frustrated with the frequent bugs and slow loading times.,1
CUST_0033,33,4,21,3,Terrible experience. The app crashes constantly during checkout.,1
CUST_0034,32,21,5,2,Amazing app! Extremely smooth user interface and very helpful customer service.,0
CUST_0035,64,4,5,1,Amazing app! Extremely smooth user interface and very helpful customer service.,0
CUST_0036,61,10,19,0,Great experience so far. The features are intuitive and easy to use.,0
CUST_0037,20,5,27,4,The recent update ruined everything. Planning to cancel my subscription.,1
CUST_0038,54,9,14,1,"Love the new updates, works perfectly fine on my device.",0
CUST_0039,24,3,26,1,Great experience so far. The features are intuitive and easy to use.,0
CUST_0040,38,17,4,0,Terrible experience. The app crashes constantly during checkout.,1
CUST_0041,26,3,25,1,Amazing app! Extremely smooth user interface and very helpful customer service.,0
CUST_0042,56,16,13,4,The recent update ruined everything. Planning to cancel my subscription.,1
CUST_0043,35,4,10,1,Highly recommended. It saves me so much time every single day.,0
CUST_0044,21,18,25,4,The recent update ruined everything. Planning to cancel my subscription.,1
CUST_0045,42,17,18,0,Great experience so far. The features are intuitive and easy to use.,0
CUST_0046,31,7,8,2,Amazing app! Extremely smooth user interface and very helpful customer service.,0
CUST_0047,26,23,8,1,"Love the new updates, works perfectly fine on my device.",0
CUST_0048,43,5,7,2,Amazing app! Extremely smooth user interface and very helpful customer service.,0
CUST_0049,19,12,8,4,Customer support is useless. Worst service ever experienced.,1
CUST_0050,37,17,14,1,Amazing app! Extremely smooth user interface and very helpful customer service.,0
CUST_0051,45,23,19,3,The recent update ruined everything. Planning to cancel my subscription.,1
CUST_0052,64,13,29,2,Amazing app! Extremely smooth user interface and very helpful customer service.,0
CUST_0053,24,23,6,1,Amazing app! Extremely smooth user interface and very helpful customer service.,0
CUST_0054,61,3,1,2,Terrible experience. The app crashes constantly during checkout.,1
CUST_0055,25,9,23,1,Great experience so far. The features are intuitive and easy to use.,0
CUST_0056,64,17,15,0,Great experience so far. The features are intuitive and easy to use.,0
CUST_0057,52,17,1,2,The recent update ruined everything. Planning to cancel my subscription.,1
CUST_0058,31,20,25,3,The recent update ruined everything. Planning to cancel my subscription.,1
CUST_0059,34,16,17,3,Customer support is useless. Worst service ever experienced.,1
CUST_0060,53,22,1,4,Customer support is useless. Worst service ever experienced.,1
CUST_0061,57,13,15,1,Highly recommended. It saves me so much time every single day.,0
CUST_0062,21,19,23,2,Great experience so far. The features are intuitive and easy to use.,0
CUST_0063,19,17,2,4,Customer support is useless. Worst service ever experienced.,1
CUST_0064,23,4,14,2,Amazing app! Extremely smooth user interface and very helpful customer service.,0
CUST_0065,59,12,21,1,Great experience so far. The features are intuitive and easy to use.,0
CUST_0066,21,9,8,3,Very frustrated with the frequent bugs and slow loading times.,1
CUST_0067,46,19,8,0,Highly recommended. It saves me so much time every single day.,0
CUST_0068,35,12,19,3,Very frustrated with the frequent bugs and slow loading times.,1
CUST_0069,43,9,7,4,Terrible experience. The app crashes constantly during checkout.,1
CUST_0070,61,7,19,0,"Love the new updates, works perfectly fine on my device.",0
CUST_0071,51,14,6,4,Terrible experience. The app crashes constantly during checkout.,1
CUST_0072,27,20,6,1,Great experience so far. The features are intuitive and easy to use.,0
CUST_0073,53,19,3,0,Very frustrated with the frequent bugs and slow loading times.,1
CUST_0074,31,15,7,4,Terrible experience. The app crashes constantly during checkout.,1
CUST_0075,48,16,19,1,Amazing app! Extremely smooth user interface and very helpful customer service.,0
CUST_0076,32,21,8,3,Customer support is useless. Worst service ever experienced.,1
CUST_0077,25,5,10,1,"Love the new updates, works perfectly fine on my device.",0
CUST_0078,31,3,20,2,Highly recommended. It saves me so much time every single day.,0
CUST_0079,40,12,15,1,Amazing app! Extremely smooth user interface and very helpful customer service.,0
CUST_0080,57,20,15,1,Amazing app! Extremely smooth user interface and very helpful customer service.,0
CUST_0081,38,21,29,2,"Love the new updates, works perfectly fine on my device.",0
CUST_0082,33,4,1,4,Terrible experience. The app crashes constantly during checkout.,1
CUST_0083,62,21,20,4,Terrible experience. The app crashes constantly during checkout.,1
CUST_0084,35,23,7,1,Amazing app! Extremely smooth user interface and very helpful customer service.,0
CUST_0085,64,16,27,2,"Love the new updates, works perfectly fine on my device.",0
CUST_0086,41,7,4,2,Very frustrated with the frequent bugs and slow loading times.,1
CUST_0087,43,13,29,3,The recent update ruined everything. Planning to cancel my subscription.,1
CUST_0088,42,21,6,4,Very frustrated with the frequent bugs and slow loading times.,1
CUST_0089,62,10,25,0,Great experience so far. The features are intuitive and easy to use.,0
CUST_0090,58,7,1,4,Terrible experience. The app crashes constantly during checkout.,1
CUST_0091,46,14,29,4,Very frustrated with the frequent bugs and slow loading times.,1
CUST_0092,32,5,5,3,The recent update ruined everything. Planning to cancel my subscription.,1
CUST_0093,62,3,27,0,"Love the new updates, works perfectly fine on my device.",0
CUST_0094,18,23,23,3,Customer support is useless. Worst service ever experienced.,1
CUST_0095,42,11,1,0,Very frustrated with the frequent bugs and slow loading times.,1
CUST_0096,24,11,4,1,Very frustrated with the frequent bugs and slow loading times.,1
CUST_0097,26,18,22,0,Amazing app! Extremely smooth user interface and very helpful customer service.,0
CUST_0098,41,15,2,3,Very frustrated with the frequent bugs and slow loading times.,1
CUST_0099,18,12,10,4,Terrible experience. The app crashes constantly during checkout.,1
CUST_0100,61,9,5,0,Amazing app! Extremely smooth user interface and very helpful customer service.,0
CUST_0101,25,10,27,0,"Love the new updates, works perfectly fine on my device.",0
CUST_0102,41,12,10,2,"Love the new updates, works perfectly fine on my device.",0
CUST_0103,28,17,1,4,The recent update ruined everything. Planning to cancel my subscription.,1
CUST_0104,34,6,22,1,"Love the new updates, works perfectly fine on my device.",0
CUST_0105,25,7,6,3,Customer support is useless. Worst service ever experienced.,1
CUST_0106,52,14,13,1,Highly recommended. It saves me so much time every single day.,0
CUST_0107,52,13,15,4,Customer support is useless. Worst service ever experienced.,1
CUST_0108,50,8,4,0,The recent update ruined everything. Planning to cancel my subscription.,1
CUST_0109,22,10,13,0,Highly recommended. It saves me so much time every single day.,0
CUST_0110,59,9,24,4,The recent update ruined everything. Planning to cancel my subscription.,1
CUST_0111,56,18,20,0,"Love the new updates, works perfectly fine on my device.",0
CUST_0112,58,2,24,0,Great experience so far. The features are intuitive and easy to use.,0
CUST_0113,45,5,15,0,Highly recommended. It saves me so much time every single day.,0
CUST_0114,24,5,29,3,Terrible experience. The app crashes constantly during checkout.,1
CUST_0115,26,6,8,3,The recent update ruined everything. Planning to cancel my subscription.,1
CUST_0116,25,19,5,2,Great experience so far. The features are intuitive and easy to use.,0
CUST_0117,29,8,29,1,Highly recommended. It saves me so much time every single day.,0
CUST_0118,51,16,15,4,Very frustrated with the frequent bugs and slow loading times.,1
CUST_0119,50,13,4,4,The recent update ruined everything. Planning to cancel my subscription.,1
CUST_0120,40,1,12,4,Customer support is useless. Worst service ever experienced.,1
CUST_0121,41,22,13,2,Great experience so far. The features are intuitive and easy to use.,0
CUST_0122,54,20,2,3,Very frustrated with the frequent bugs and slow loading times.,1
CUST_0123,52,17,27,2,Amazing app! Extremely smooth user interface and very helpful customer service.,0
CUST_0124,61,7,19,4,Terrible experience. The app crashes constantly during checkout.,1
CUST_0125,57,13,19,1,"Love the new updates, works perfectly fine on my device.",0
CUST_0126,39,4,4,0,The recent update ruined everything. Planning to cancel my subscription.,1
CUST_0127,44,4,4,3,Terrible experience. The app crashes constantly during checkout.,1
CUST_0128,52,6,26,3,The recent update ruined everything. Planning to cancel my subscription.,1
CUST_0129,18,19,11,2,Highly recommended. It saves me so much time every single day.,0
CUST_0130,52,12,27,3,Terrible experience. The app crashes constantly during checkout.,1
CUST_0131,54,22,5,4,Customer support is useless. Worst service ever experienced.,1
CUST_0132,64,7,20,4,Very frustrated with the frequent bugs and slow loading times.,1
CUST_0133,31,10,11,2,"Love the new updates, works perfectly fine on my device.",0
CUST_0134,20,19,10,4,Very frustrated with the frequent bugs and slow loading times.,1
CUST_0135,18,7,8,1,Amazing app! Extremely smooth user interface and very helpful customer service.,0
CUST_0136,22,3,6,2,"Love the new updates, works perfectly fine on my device.",0
CUST_0137,43,13,6,1,"Love the new updates, works perfectly fine on my device.",0
CUST_0138,31,13,8,0,Highly recommended. It saves me so much time every single day.,0
CUST_0139,56,18,23,1,"Love the new updates, works perfectly fine on my device.",0
CUST_0140,44,20,15,0,Highly recommended. It saves me so much time every single day.,0
CUST_0141,26,8,26,0,Highly recommended. It saves me so much time every single day.,0
CUST_0142,32,9,14,1,Highly recommended. It saves me so much time every single day.,0
CUST_0143,32,7,11,2,Highly recommended. It saves me so much time every single day.,0
CUST_0144,43,1,12,4,Terrible experience. The app crashes constantly during checkout.,1
CUST_0145,59,3,26,4,Very frustrated with the frequent bugs and slow loading times.,1
CUST_0146,30,13,13,0,Great experience so far. The features are intuitive and easy to use.,0
CUST_0147,49,17,8,0,"Love the new updates, works perfectly fine on my device.",0
CUST_0148,56,1,18,2,Great experience so far. The features are intuitive and easy to use.,0
CUST_0149,49,6,25,3,Terrible experience. The app crashes constantly during checkout.,1
CUST_0150,21,21,1,1,The recent update ruined everything. Planning to cancel my subscription.,1
CUST_0151,47,6,15,0,"Love the new updates, works perfectly fine on my device.",0
CUST_0152,54,12,8,4,The recent update ruined everything. Planning to cancel my subscription.,1
CUST_0153,40,13,28,2,Amazing app! Extremely smooth user interface and very helpful customer service.,0
CUST_0154,56,13,11,1,Highly recommended. It saves me so much time every single day.,0
CUST_0155,62,15,12,2,Great experience so far. The features are intuitive and easy to use.,0
CUST_0156,32,21,12,1,Amazing app! Extremely smooth user interface and very helpful customer service.,0
CUST_0157,60,16,4,1,Terrible experience. The app crashes constantly during checkout.,1
CUST_0158,46,22,16,0,"Love the new updates, works perfectly fine on my device.",0
CUST_0159,53,21,4,2,Customer support is useless. Worst service ever experienced.,1
CUST_0160,30,11,5,2,Great experience so far. The features are intuitive and easy to use.,0
CUST_0161,49,5,24,4,Very frustrated with the frequent bugs and slow loading times.,1
CUST_0162,24,4,5,4,Terrible experience. The app crashes constantly during checkout.,1
CUST_0163,39,3,8,0,Great experience so far. The features are intuitive and easy to use.,0
CUST_0164,45,19,10,0,Amazing app! Extremely smooth user interface and very helpful customer service.,0
CUST_0165,19,20,17,3,Terrible experience. The app crashes constantly during checkout.,1
CUST_0166,59,18,28,4,Very frustrated with the frequent bugs and slow loading times.,1
CUST_0167,62,15,26,1,Highly recommended. It saves me so much time every single day.,0
CUST_0168,23,9,9,2,Great experience so far. The features are intuitive and easy to use.,0
CUST_0169,45,17,22,0,Highly recommended. It saves me so much time every single day.,0
CUST_0170,45,14,19,2,Highly recommended. It saves me so much time every single day.,0
CUST_0171,61,15,29,2,Great experience so far. The features are intuitive and easy to use.,0
CUST_0172,61,1,14,3,Very frustrated with the frequent bugs and slow loading times.,1
CUST_0173,37,21,8,4,Customer support is useless. Worst service ever experienced.,1
CUST_0174,47,22,9,0,Amazing app! Extremely smooth user interface and very helpful customer service.,0
CUST_0175,28,22,22,2,Amazing app! Extremely smooth user interface and very helpful customer service.,0
CUST_0176,45,3,11,0,Amazing app! Extremely smooth user interface and very helpful customer service.,0
CUST_0177,42,16,23,1,Amazing app! Extremely smooth user interface and very helpful customer service.,0
CUST_0178,56,23,1,3,The recent update ruined everything. Planning to cancel my subscription.,1
CUST_0179,50,11,14,1,Amazing app! Extremely smooth user interface and very helpful customer service.,0
CUST_0180,18,12,5,0,Amazing app! Extremely smooth user interface and very helpful customer service.,0
CUST_0181,44,10,21,0,Amazing app! Extremely smooth user interface and very helpful customer service.,0
CUST_0182,30,16,26,4,Terrible experience. The app crashes constantly during checkout.,1
CUST_0183,58,8,14,2,"Love the new updates, works perfectly fine on my device.",0
CUST_0184,20,6,4,2,Terrible experience. The app crashes constantly during checkout.,1
CUST_0185,56,12,22,1,"Love the new updates, works perfectly fine on my device.",0
CUST_0186,23,21,23,3,The recent update ruined everything. Planning to cancel my subscription.,1
CUST_0187,25,8,25,2,Highly recommended. It saves me so much time every single day.,0
CUST_0188,44,4,1,4,Terrible experience. The app crashes constantly during checkout.,1
CUST_0189,26,8,22,1,Highly recommended. It saves me so much time every single day.,0
CUST_0190,54,18,23,1,Highly recommended. It saves me so much time every single day.,0
CUST_0191,50,5,19,4,The recent update ruined everything. Planning to cancel my subscription.,1
CUST_0192,59,9,8,3,Very frustrated with the frequent bugs and slow loading times.,1
CUST_0193,61,4,15,4,Customer support is useless. Worst service ever experienced.,1
CUST_0194,41,22,21,3,Very frustrated with the frequent bugs and slow loading times.,1
CUST_0195,32,17,15,4,Very frustrated with the frequent bugs and slow loading times.,1
CUST_0196,49,9,9,4,Very frustrated with the frequent bugs and slow loading times.,1
CUST_0197,49,1,21,0,Amazing app! Extremely smooth user interface and very helpful customer service.,0
CUST_0198,41,21,9,1,Amazing app! Extremely smooth user interface and very helpful customer service.,0
CUST_0199,58,20,10,4,Customer support is useless. Worst service ever experienced.,1
CUST_0200,29,13,20,4,Customer support is useless. Worst service ever experienced.,1
CUST_0201,56,16,25,2,Amazing app! Extremely smooth user interface and very helpful customer service.,0
CUST_0202,19,13,21,1,"Love the new updates, works perfectly fine on my device.",0
CUST_0203,20,14,26,2,Amazing app! Extremely smooth user interface and very helpful customer service.,0
CUST_0204,54,3,9,1,Great experience so far. The features are intuitive and easy to use.,0
CUST_0205,34,6,3,2,Very frustrated with the frequent bugs and slow loading times.,1
CUST_0206,19,18,20,4,Very frustrated with the frequent bugs and slow loading times.,1
CUST_0207,19,19,25,4,Customer support is useless. Worst service ever experienced.,1
CUST_0208,45,5,26,0,Amazing app! Extremely smooth user interface and very helpful customer service.,0
CUST_0209,40,15,11,2,Amazing app! Extremely smooth user interface and very helpful customer service.,0
CUST_0210,54,2,6,3,Customer support is useless. Worst service ever experienced.,1
CUST_0211,49,10,2,0,Terrible experience. The app crashes constantly during checkout.,1
CUST_0212,50,18,7,2,Great experience so far. The features are intuitive and easy to use.,0
CUST_0213,18,13,18,2,Highly recommended. It saves me so much time every single day.,0
CUST_0214,36,5,27,0,"Love the new updates, works perfectly fine on my device.",0
CUST_0215,19,23,2,4,Customer support is useless. Worst service ever experienced.,1
CUST_0216,61,1,27,2,Amazing app! Extremely smooth user interface and very helpful customer service.,0
CUST_0217,43,22,17,4,Customer support is useless. Worst service ever experienced.,1
CUST_0218,49,1,11,0,Great experience so far. The features are intuitive and easy to use.,0
CUST_0219,23,18,27,4,Terrible experience. The app crashes constantly during checkout.,1
CUST_0220,49,15,12,1,Amazing app! Extremely smooth user interface and very helpful customer service.,0
CUST_0221,21,17,27,3,Terrible experience. The app crashes constantly during checkout.,1
CUST_0222,28,11,19,2,Amazing app! Extremely smooth user interface and very helpful customer service.,0
CUST_0223,34,21,22,3,The recent update ruined everything. Planning to cancel my subscription.,1
CUST_0224,55,22,24,4,Terrible experience. The app crashes constantly during checkout.,1
CUST_0225,41,17,25,2,"Love the new updates, works perfectly fine on my device.",0
CUST_0226,22,13,7,4,The recent update ruined everything. Planning to cancel my subscription.,1
CUST_0227,51,1,20,1,Highly recommended. It saves me so much time every single day.,0
CUST_0228,23,2,6,0,Highly recommended. It saves me so much time every single day.,0
CUST_0229,39,9,21,2,"Love the new updates, works perfectly fine on my device.",0
CUST_0230,28,3,24,1,"Love the new updates, works perfectly fine on my device.",0
CUST_0231,33,1,1,1,The recent update ruined everything. Planning to cancel my subscription.,1
CUST_0232,50,21,17,2,Highly recommended. It saves me so much time every single day.,0
CUST_0233,26,16,29,4,Very frustrated with the frequent bugs and slow loading times.,1
CUST_0234,23,23,11,1,Highly recommended. It saves me so much time every single day.,0
CUST_0235,33,6,22,3,Very frustrated with the frequent bugs and slow loading times.,1
CUST_0236,46,17,26,1,Highly recommended. It saves me so much time every single day.,0
CUST_0237,20,5,28,4,Terrible experience. The app crashes constantly during checkout.,1
CUST_0238,37,5,18,4,Customer support is useless. Worst service ever experienced.,1
CUST_0239,53,6,21,3,Terrible experience. The app crashes constantly during checkout.,1
CUST_0240,36,3,17,1,Highly recommended. It saves me so much time every single day.,0
CUST_0241,43,21,7,4,The recent update ruined everything. Planning to cancel my subscription.,1
CUST_0242,20,23,17,2,Great experience so far. The features are intuitive and easy to use.,0
CUST_0243,36,5,20,0,Highly recommended. It saves me so much time every single day.,0
CUST_0244,37,21,9,0,Highly recommended. It saves me so much time every single day.,0
CUST_0245,49,5,17,0,Great experience so far. The features are intuitive and easy to use.,0
CUST_0246,24,10,20,1,Amazing app! Extremely smooth user interface and very helpful customer service.,0
CUST_0247,58,10,22,3,Terrible experience. The app crashes constantly during checkout.,1
CUST_0248,50,19,22,4,Very frustrated with the frequent bugs and slow loading times.,1
CUST_0249,57,17,28,2,Amazing app! Extremely smooth user interface and very helpful customer service.,0
CUST_0250,56,21,29,2,Great experience so far. The features are intuitive and easy to use.,0
CUST_0251,35,14,8,1,Amazing app! Extremely smooth user interface and very helpful customer service.,0
CUST_0252,57,9,17,0,Highly recommended. It saves me so much time every single day.,0
CUST_0253,18,14,7,1,Great experience so far. The features are intuitive and easy to use.,0
CUST_0254,28,1,1,3,Terrible experience. The app crashes constantly during checkout.,1
CUST_0255,45,19,13,3,Customer support is useless. Worst service ever experienced.,1
CUST_0256,42,13,23,4,The recent update ruined everything. Planning to cancel my subscription.,1
CUST_0257,40,13,19,4,The recent update ruined everything. Planning to cancel my subscription.,1
CUST_0258,48,4,27,3,Customer support is useless. Worst service ever experienced.,1
CUST_0259,47,1,24,3,Customer support is useless. Worst service ever experienced.,1
CUST_0260,59,17,19,3,The recent update ruined everything. Planning to cancel my subscription.,1
CUST_0261,52,8,29,1,"Love the new updates, works perfectly fine on my device.",0
CUST_0262,24,2,17,3,Very frustrated with the frequent bugs and slow loading times.,1
CUST_0263,33,8,13,2,Highly recommended. It saves me so much time every single day.,0
CUST_0264,43,7,29,0,Highly recommended. It saves me so much time every single day.,0
CUST_0265,19,2,16,3,The recent update ruined everything. Planning to cancel my subscription.,1
CUST_0266,18,22,8,0,"Love the new updates, works perfectly fine on my device.",0
CUST_0267,29,22,19,1,"Love the new updates, works perfectly fine on my device.",0
CUST_0268,22,3,18,0,Amazing app! Extremely smooth user interface and very helpful customer service.,0
CUST_0269,54,18,1,1,Terrible experience. The app crashes constantly during checkout.,1
CUST_0270,49,12,14,2,"Love the new updates, works perfectly fine on my device.",0
CUST_0271,26,1,19,1,"Love the new updates, works perfectly fine on my device.",0
CUST_0272,58,22,15,1,"Love the new updates, works perfectly fine on my device.",0
CUST_0273,52,12,18,4,The recent update ruined everything. Planning to cancel my subscription.,1
CUST_0274,36,5,2,3,Customer support is useless. Worst service ever experienced.,1
CUST_0275,33,17,22,3,Terrible experience. The app crashes constantly during checkout.,1
CUST_0276,20,16,28,2,Great experience so far. The features are intuitive and easy to use.,0
CUST_0277,37,15,17,2,"Love the new updates, works perfectly fine on my device.",0
CUST_0278,41,23,18,3,Terrible experience. The app crashes constantly during checkout.,1
CUST_0279,50,15,6,4,The recent update ruined everything. Planning to cancel my subscription.,1
CUST_0280,41,5,19,3,Customer support is useless. Worst service ever experienced.,1
CUST_0281,28,21,4,4,Customer support is useless. Worst service ever experienced.,1
CUST_0282,25,14,1,2,Customer support is useless. Worst service ever experienced.,1
CUST_0283,53,2,8,0,Great experience so far. The features are intuitive and easy to use.,0
CUST_0284,55,11,29,2,Amazing app! Extremely smooth user interface and very helpful customer service.,0
CUST_0285,57,19,23,2,Amazing app! Extremely smooth user interface and very helpful customer service.,0
CUST_0286,37,7,7,1,Highly recommended. It saves me so much time every single day.,0
CUST_0287,52,6,3,1,Customer support is useless. Worst service ever experienced.,1
CUST_0288,42,2,10,1,Highly recommended. It saves me so much time every single day.,0
CUST_0289,52,6,10,1,Highly recommended. It saves me so much time every single day.,0
CUST_0290,42,18,19,4,Terrible experience. The app crashes constantly during checkout.,1
CUST_0291,46,2,14,3,The recent update ruined everything. Planning to cancel my subscription.,1
CUST_0292,35,18,2,0,The recent update ruined everything. Planning to cancel my subscription.,1
CUST_0293,63,15,28,2,Amazing app! Extremely smooth user interface and very helpful customer service.,0
CUST_0294,35,19,1,4,The recent update ruined everything. Planning to cancel my subscription.,1
CUST_0295,19,2,23,0,Highly recommended. It saves me so much time every single day.,0
CUST_0296,52,20,23,4,Customer support is useless. Worst service ever experienced.,1
CUST_0297,33,6,28,4,Terrible experience. The app crashes constantly during checkout.,1
CUST_0298,58,1,18,2,"Love the new updates, works perfectly fine on my device.",0
CUST_0299,53,15,7,3,The recent update ruined everything. Planning to cancel my subscription.,1
CUST_0300,50,23,29,1,"Love the new updates, works perfectly fine on my device.",0
CUST_0301,21,10,8,3,The recent update ruined everything. Planning to cancel my subscription.,1
CUST_0302,50,19,1,2,The recent update ruined everything. Planning to cancel my subscription.,1
CUST_0303,31,17,25,2,Highly recommended. It saves me so much time every single day.,0
CUST_0304,38,5,23,2,Great experience so far. The features are intuitive and easy to use.,0
CUST_0305,37,4,3,0,Very frustrated with the frequent bugs and slow loading times.,1
CUST_0306,25,10,24,3,Very frustrated with the frequent bugs and slow loading times.,1
CUST_0307,24,17,23,3,Very frustrated with the frequent bugs and slow loading times.,1
CUST_0308,20,10,27,4,Terrible experience. The app crashes constantly during checkout.,1
CUST_0309,34,17,29,4,Terrible experience. The app crashes constantly during checkout.,1
CUST_0310,50,20,8,4,The recent update ruined everything. Planning to cancel my subscription.,1
CUST_0311,29,5,22,2,Highly recommended. It saves me so much time every single day.,0
CUST_0312,39,2,25,3,Terrible experience. The app crashes constantly during checkout.,1
CUST_0313,39,6,15,2,Highly recommended. It saves me so much time every single day.,0
CUST_0314,63,21,5,0,"Love the new updates, works perfectly fine on my device.",0
CUST_0315,47,2,3,4,Customer support is useless. Worst service ever experienced.,1
CUST_0316,55,13,19,2,"Love the new updates, works perfectly fine on my device.",0
CUST_0317,55,11,1,2,The recent update ruined everything. Planning to cancel my subscription.,1
CUST_0318,62,11,28,0,Highly recommended. It saves me so much time every single day.,0
CUST_0319,25,16,15,1,"Love the new updates, works perfectly fine on my device.",0
CUST_0320,44,11,8,3,Terrible experience. The app crashes constantly during checkout.,1
CUST_0321,44,19,2,1,Customer support is useless. Worst service ever experienced.,1
CUST_0322,51,15,3,4,Customer support is useless. Worst service ever experienced.,1
CUST_0323,38,23,24,2,"Love the new updates, works perfectly fine on my device.",0
CUST_0324,47,23,14,0,Great experience so far. The features are intuitive and easy to use.,0
CUST_0325,50,16,24,0,Amazing app! Extremely smooth user interface and very helpful customer service.,0
CUST_0326,45,11,14,3,Very frustrated with the frequent bugs and slow loading times.,1
CUST_0327,64,22,11,1,Amazing app! Extremely smooth user interface and very helpful customer service.,0
CUST_0328,50,16,16,3,Very frustrated with the frequent bugs and slow loading times.,1
CUST_0329,22,8,4,2,The recent update ruined everything. Planning to cancel my subscription.,1
CUST_0330,36,4,20,3,The recent update ruined everything. Planning to cancel my subscription.,1
CUST_0331,21,8,5,0,Great experience so far. The features are intuitive and easy to use.,0
CUST_0332,52,4,22,0,Great experience so far. The features are intuitive and easy to use.,0
CUST_0333,34,3,21,4,Very frustrated with the frequent bugs and slow loading times.,1
CUST_0334,61,3,14,4,Customer support is useless. Worst service ever experienced.,1
CUST_0335,45,18,23,2,Highly recommended. It saves me so much time every single day.,0
CUST_0336,47,19,16,1,Amazing app! Extremely smooth user interface and very helpful customer service.,0
CUST_0337,46,19,18,3,The recent update ruined everything. Planning to cancel my subscription.,1
CUST_0338,63,21,7,2,Great experience so far. The features are intuitive and easy to use.,0
CUST_0339,23,5,10,4,Terrible experience. The app crashes constantly during checkout.,1
CUST_0340,52,18,7,3,Very frustrated with the frequent bugs and slow loading times.,1
CUST_0341,58,10,1,4,Customer support is useless. Worst service ever experienced.,1
CUST_0342,54,22,23,3,Customer support is useless. Worst service ever experienced.,1
CUST_0343,41,21,21,1,Amazing app! Extremely smooth user interface and very helpful customer service.,0
CUST_0344,46,6,19,2,"Love the new updates, works perfectly fine on my device.",0
CUST_0345,63,1,16,3,Very frustrated with the frequent bugs and slow loading times.,1
CUST_0346,48,5,29,0,Highly recommended. It saves me so much time every single day.,0
CUST_0347,52,9,19,0,Amazing app! Extremely smooth user interface and very helpful customer service.,0
CUST_0348,50,12,4,3,Very frustrated with the frequent bugs and slow loading times.,1
CUST_0349,38,14,29,3,The recent update ruined everything. Planning to cancel my subscription.,1
CUST_0350,49,2,28,3,Terrible experience. The app crashes constantly during checkout.,1
CUST_0351,40,17,18,0,Highly recommended. It saves me so much time every single day.,0
CUST_0352,50,14,2,0,Terrible experience. The app crashes constantly during checkout.,1
CUST_0353,20,13,1,3,Customer support is useless. Worst service ever experienced.,1
CUST_0354,35,9,15,4,Very frustrated with the frequent bugs and slow loading times.,1
CUST_0355,42,15,5,4,The recent update ruined everything. Planning to cancel my subscription.,1
CUST_0356,59,22,20,1,Highly recommended. It saves me so much time every single day.,0
CUST_0357,48,15,11,2,Amazing app! Extremely smooth user interface and very helpful customer service.,0
CUST_0358,20,11,10,4,Terrible experience. The app crashes constantly during checkout.,1
CUST_0359,57,16,2,0,Very frustrated with the frequent bugs and slow loading times.,1
CUST_0360,63,17,3,4,The recent update ruined everything. Planning to cancel my subscription.,1
CUST_0361,41,4,23,1,Great experience so far. The features are intuitive and easy to use.,0
CUST_0362,49,1,23,1,Great experience so far. The features are intuitive and easy to use.,0
CUST_0363,64,8,12,2,Amazing app! Extremely smooth user interface and very helpful customer service.,0
CUST_0364,39,17,20,4,Very frustrated with the frequent bugs and slow loading times.,1
CUST_0365,40,3,5,0,"Love the new updates, works perfectly fine on my device.",0
CUST_0366,19,20,5,0,Amazing app! Extremely smooth user interface and very helpful customer service.,0
CUST_0367,44,15,6,3,The recent update ruined everything. Planning to cancel my subscription.,1
CUST_0368,59,15,9,0,Highly recommended. It saves me so much time every single day.,0
CUST_0369,19,22,2,2,The recent update ruined everything. Planning to cancel my subscription.,1
CUST_0370,43,14,21,2,"Love the new updates, works perfectly fine on my device.",0
CUST_0371,34,23,12,0,Great experience so far. The features are intuitive and easy to use.,0
CUST_0372,57,14,3,0,The recent update ruined everything. Planning to cancel my subscription.,1
CUST_0373,50,2,20,3,Customer support is useless. Worst service ever experienced.,1
CUST_0374,26,13,26,0,Highly recommended. It saves me so much time every single day.,0
CUST_0375,60,14,22,3,Terrible experience. The app crashes constantly during checkout.,1
CUST_0376,56,19,12,3,Very frustrated with the frequent bugs and slow loading times.,1
CUST_0377,46,7,24,0,"Love the new updates, works perfectly fine on my device.",0
CUST_0378,59,3,17,1,Great experience so far. The features are intuitive and easy to use.,0
CUST_0379,43,15,10,1,Highly recommended. It saves me so much time every single day.,0
CUST_0380,52,23,24,3,Terrible experience. The app crashes constantly during checkout.,1
CUST_0381,42,14,27,0,"Love the new updates, works perfectly fine on my device.",0
CUST_0382,41,11,14,1,Highly recommended. It saves me so much time every single day.,0
CUST_0383,30,15,23,0,Amazing app! Extremely smooth user interface and very helpful customer service.,0
CUST_0384,24,13,17,0,"Love the new updates, works perfectly fine on my device.",0
CUST_0385,53,18,18,0,Amazing app! Extremely smooth user interface and very helpful customer service.,0
CUST_0386,62,6,19,4,Customer support is useless. Worst service ever experienced.,1
CUST_0387,37,3,17,0,Great experience so far. The features are intuitive and easy to use.,0
CUST_0388,18,19,14,4,Very frustrated with the frequent bugs and slow loading times.,1
CUST_0389,25,15,9,3,Terrible experience. The app crashes constantly during checkout.,1
CUST_0390,63,23,8,1,"Love the new updates, works perfectly fine on my device.",0
CUST_0391,33,5,2,1,Terrible experience. The app crashes constantly during checkout.,1
CUST_0392,31,10,13,1,Amazing app! Extremely smooth user interface and very helpful customer service.,0
CUST_0393,29,7,25,1,Highly recommended. It saves me so much time every single day.,0
CUST_0394,40,17,7,1,Great experience so far. The features are intuitive and easy to use.,0
CUST_0395,32,7,9,1,Amazing app! Extremely smooth user interface and very helpful customer service.,0
CUST_0396,45,22,22,1,"Love the new updates, works perfectly fine on my device.",0
CUST_0397,51,12,22,3,Customer support is useless. Worst service ever experienced.,1
CUST_0398,19,17,11,0,Great experience so far. The features are intuitive and easy to use.,0
CUST_0399,49,13,14,2,"Love the new updates, works perfectly fine on my device.",0
CUST_0400,40,20,4,4,The recent update ruined everything. Planning to cancel my subscription.,1
CUST_0401,39,4,26,2,"Love the new updates, works perfectly fine on my device.",0
CUST_0402,42,10,26,2,Highly recommended. It saves me so much time every single day.,0
CUST_0403,39,3,29,0,Amazing app! Extremely smooth user interface and very helpful customer service.,0
CUST_0404,39,9,13,0,Highly recommended. It saves me so much time every single day.,0
CUST_0405,59,13,2,0,Terrible experience. The app crashes constantly during checkout.,1
CUST_0406,23,18,23,1,Amazing app! Extremely smooth user interface and very helpful customer service.,0
CUST_0407,32,15,5,3,Terrible experience. The app crashes constantly during checkout.,1
CUST_0408,60,4,11,1,Highly recommended. It saves me so much time every single day.,0
CUST_0409,54,15,6,3,Terrible experience. The app crashes constantly during checkout.,1
CUST_0410,50,22,18,3,Very frustrated with the frequent bugs and slow loading times.,1
CUST_0411,25,2,21,2,Great experience so far. The features are intuitive and easy to use.,0
CUST_0412,61,15,10,2,"Love the new updates, works perfectly fine on my device.",0
CUST_0413,61,8,4,3,Customer support is useless. Worst service ever experienced.,1
CUST_0414,22,8,9,3,Terrible experience. The app crashes constantly during checkout.,1
CUST_0415,56,17,6,1,Highly recommended. It saves me so much time every single day.,0
CUST_0416,21,12,2,1,Customer support is useless. Worst service ever experienced.,1
CUST_0417,23,19,17,2,Highly recommended. It saves me so much time every single day.,0
CUST_0418,62,10,5,0,Highly recommended. It saves me so much time every single day.,0
CUST_0419,49,9,25,3,Terrible experience. The app crashes constantly during checkout.,1
CUST_0420,47,5,6,1,"Love the new updates, works perfectly fine on my device.",0
CUST_0421,64,6,26,2,Amazing app! Extremely smooth user interface and very helpful customer service.,0
CUST_0422,52,20,12,1,Amazing app! Extremely smooth user interface and very helpful customer service.,0
CUST_0423,57,2,23,3,Customer support is useless. Worst service ever experienced.,1
CUST_0424,33,13,21,3,Customer support is useless. Worst service ever experienced.,1
CUST_0425,30,6,10,4,The recent update ruined everything. Planning to cancel my subscription.,1
CUST_0426,59,5,22,0,Great experience so far. The features are intuitive and easy to use.,0
CUST_0427,47,1,21,4,Very frustrated with the frequent bugs and slow loading times.,1
CUST_0428,36,21,27,2,"Love the new updates, works perfectly fine on my device.",0
CUST_0429,34,22,25,1,Great experience so far. The features are intuitive and easy to use.,0
CUST_0430,36,21,6,2,Highly recommended. It saves me so much time every single day.,0
CUST_0431,45,6,27,3,Very frustrated with the frequent bugs and slow loading times.,1
CUST_0432,43,6,8,4,Very frustrated with the frequent bugs and slow loading times.,1
CUST_0433,54,23,2,4,The recent update ruined everything. Planning to cancel my subscription.,1
CUST_0434,43,16,12,4,Customer support is useless. Worst service ever experienced.,1
CUST_0435,40,4,13,2,Amazing app! Extremely smooth user interface and very helpful customer service.,0
CUST_0436,26,11,25,3,Very frustrated with the frequent bugs and slow loading times.,1
CUST_0437,29,23,21,1,Great experience so far. The features are intuitive and easy to use.,0
CUST_0438,18,9,7,1,Great experience so far. The features are intuitive and easy to use.,0
CUST_0439,18,23,10,2,Amazing app! Extremely smooth user interface and very helpful customer service.,0
CUST_0440,64,3,13,4,Terrible experience. The app crashes constantly during checkout.,1
CUST_0441,51,19,17,0,Great experience so far. The features are intuitive and easy to use.,0
CUST_0442,49,8,26,2,"Love the new updates, works perfectly fine on my device.",0
CUST_0443,42,5,21,2,Amazing app! Extremely smooth user interface and very helpful customer service.,0
CUST_0444,57,4,28,3,The recent update ruined everything. Planning to cancel my subscription.,1
CUST_0445,62,6,26,1,Amazing app! Extremely smooth user interface and very helpful customer service.,0
CUST_0446,18,2,14,2,"Love the new updates, works perfectly fine on my device.",0
CUST_0447,33,20,2,2,Very frustrated with the frequent bugs and slow loading times.,1
CUST_0448,56,11,28,4,Terrible experience. The app crashes constantly during checkout.,1
CUST_0449,22,4,22,4,Customer support is useless. Worst service ever experienced.,1
CUST_0450,39,15,11,0,Great experience so far. The features are intuitive and easy to use.,0
CUST_0451,46,6,1,3,Terrible experience. The app crashes constantly during checkout.,1
CUST_0452,20,22,19,0,Amazing app! Extremely smooth user interface and very helpful customer service.,0
CUST_0453,29,17,21,4,The recent update ruined everything. Planning to cancel my subscription.,1
CUST_0454,43,6,4,1,Very frustrated with the frequent bugs and slow loading times.,1
CUST_0455,33,19,19,4,The recent update ruined everything. Planning to cancel my subscription.,1
CUST_0456,54,2,26,3,Terrible experience. The app crashes constantly during checkout.,1
CUST_0457,39,15,29,4,The recent update ruined everything. Planning to cancel my subscription.,1
CUST_0458,46,11,21,3,Customer support is useless. Worst service ever experienced.,1
CUST_0459,31,8,11,3,The recent update ruined everything. Planning to cancel my subscription.,1
CUST_0460,45,19,8,3,Terrible experience. The app crashes constantly during checkout.,1
CUST_0461,22,13,11,3,The recent update ruined everything. Planning to cancel my subscription.,1
CUST_0462,64,12,4,3,Very frustrated with the frequent bugs and slow loading times.,1
CUST_0463,47,5,17,1,Great experience so far. The features are intuitive and easy to use.,0
CUST_0464,63,6,27,0,Highly recommended. It saves me so much time every single day.,0
CUST_0465,22,22,7,2,"Love the new updates, works perfectly fine on my device.",0
CUST_0466,29,4,8,0,Highly recommended. It saves me so much time every single day.,0
CUST_0467,33,19,3,3,The recent update ruined everything. Planning to cancel my subscription.,1
CUST_0468,43,20,22,1,Amazing app! Extremely smooth user interface and very helpful customer service.,0
CUST_0469,43,1,2,4,Very frustrated with the frequent bugs and slow loading times.,1
CUST_0470,38,20,23,1,"Love the new updates, works perfectly fine on my device.",0
CUST_0471,56,17,15,3,Very frustrated with the frequent bugs and slow loading times.,1
CUST_0472,53,12,24,1,Highly recommended. It saves me so much time every single day.,0
CUST_0473,50,15,22,1,Highly recommended. It saves me so much time every single day.,0
CUST_0474,47,1,22,3,Customer support is useless. Worst service ever experienced.,1
CUST_0475,54,14,5,1,Great experience so far. The features are intuitive and easy to use.,0
CUST_0476,40,6,24,2,Highly recommended. It saves me so much time every single day.,0
CUST_0477,27,5,1,2,Very frustrated with the frequent bugs and slow loading times.,1
CUST_0478,22,11,26,1,Amazing app! Extremely smooth user interface and very helpful customer service.,0
CUST_0479,53,4,4,4,Customer support is useless. Worst service ever experienced.,1
CUST_0480,51,13,15,3,Very frustrated with the frequent bugs and slow loading times.,1
CUST_0481,48,11,20,2,"Love the new updates, works perfectly fine on my device.",0
CUST_0482,27,3,19,4,Very frustrated with the frequent bugs and slow loading times.,1
CUST_0483,36,1,3,1,The recent update ruined everything. Planning to cancel my subscription.,1
CUST_0484,49,6,20,4,The recent update ruined everything. Planning to cancel my subscription.,1
CUST_0485,18,18,11,0,Highly recommended. It saves me so much time every single day.,0
CUST_0486,22,10,17,2,Great experience so far. The features are intuitive and easy to use.,0
CUST_0487,62,5,27,1,Highly recommended. It saves me so much time every single day.,0
CUST_0488,21,23,13,3,The recent update ruined everything. Planning to cancel my subscription.,1
CUST_0489,33,10,11,1,Amazing app! Extremely smooth user interface and very helpful customer service.,0
CUST_0490,41,12,2,3,Terrible experience. The app crashes constantly during checkout.,1
CUST_0491,33,2,9,1,Amazing app! Extremely smooth user interface and very helpful customer service.,0
CUST_0492,19,13,26,4,Customer support is useless. Worst service ever experienced.,1
CUST_0493,45,8,2,4,Customer support is useless. Worst service ever experienced.,1
CUST_0494,49,2,21,4,Terrible experience. The app crashes constantly during checkout.,1
CUST_0495,44,20,9,0,"Love the new updates, works perfectly fine on my device.",0
CUST_0496,37,1,9,3,The recent update ruined everything. Planning to cancel my subscription.,1
CUST_0497,41,5,8,4,Very frustrated with the frequent bugs and slow loading times.,1
CUST_0498,29,9,17,0,Highly recommended. It saves me so much time every single day.,0
CUST_0499,52,17,1,3,Very frustrated with the frequent bugs and slow loading times.,1
CUST_0500,50,9,25,1,Amazing app! Extremely smooth user interface and very helpful customer service.,0
